Frank Tu(榮祥),Ue1f56e50e35bd8feaf87f59bf1ea5765
陳以任,Uec854f728ac320d11c00ad46b60c45af
吳東豪,U11c9ee1413309df505cbc3f4fd89cec4
偉賢,U69d99515cf8c7bf0541748dab09ff0eb
郭彤,U0e92e9edda9aee0c31e3742a5abb082c
周輝燿,U6e2219cccee8398193446dda99f6360c
許辭彬,U2201c821f9581f8c360e5120afc02caf
楊正偉,Ubbdfdc4bede9d58802d9fc3bc6427974
為誠,U33111dbb466029fdcb6bbeabe426b7ca
施垂源,U65f20148a0ccb7e4b9665fb659bb8bed
沈家暉（小飛俠）,U55a021f496d882a1b7d160895eef5363
禹,Ue655fcec54be1f49768297325e559bfd
b1n（秉昌）,U26dfab084e06d000ba8b6d0c17bb4b39
承翰,U6ecf840a2576cf3f841fb8aabd3a3062
gogopro,U032fdf3cabb7b0250da2813ee1cd0442
陳龍城,U989e2710d2079b820103758af2be3034
家偉,Ub82be15e2b1887c46498de9a0986cbc0
黃登貴,Ucfff4c92b3769b47914dbc36bbf3a807
曾春明,Uf4706722664fb87f8f050f82eb350d88
湯姆熊,Ud6269364a005e93abc03de6284506cc0
淙文,U64fbbb5b37eb32df01acb2fd3d2fb2ba
忠木,Ub0c016dfabc23446adb5d79452d316df
黃森湖,U95198ac15ec1b90c43d4e06d3a5ac25d
YiChen,Ud811bad1371544b24d8c02a355930341
邱介揚,U900f60c688782e83acc9b3026c481ae0
世煜,U06fae3f953fe55618641730dd9be6960